{"cameraMode":{"drawMode":0,"name":"Shaded","section":"Shading Mode"},"sceneLighting":false,"audioPlay":false,"sceneViewState":{"showFog":true,"showMaterialUpdate":false,"showSkybox":false,"showFlares":true,"showImageEffects":true,"showParticleSystems":true},"in2DMode":false,"pivot":{"x":4.318620204925537,"y":16.79505157470703,"z":7.321174621582031},"rotation":{"x":-0.08387836813926697,"y":-0.023313522338867189,"z":0.00196296744979918,"w":-0.9962013363838196},"size":2.8578836917877199,"orthographic":false}