{"cameraMode":{"drawMode":0,"name":"Shaded","section":"Shading Mode"},"sceneLighting":false,"audioPlay":false,"sceneViewState":{"showFog":true,"showMaterialUpdate":false,"showSkybox":false,"showFlares":true,"showImageEffects":true,"showParticleSystems":true},"in2DMode":false,"pivot":{"x":2.343156337738037,"y":-0.41598618030548098,"z":-0.754432201385498},"rotation":{"x":0.19520631432533265,"y":0.017652656883001329,"z":-0.0035140938125550749,"w":0.9805970191955566},"size":3.801363945007324,"orthographic":false}