{"cameraMode":{"drawMode":0,"name":"Shaded","section":"Shading Mode"},"sceneLighting":false,"audioPlay":false,"sceneViewState":{"showFog":true,"showMaterialUpdate":false,"showSkybox":true,"showFlares":true,"showImageEffects":true,"showParticleSystems":true},"in2DMode":false,"pivot":{"x":-1.1660385131835938,"y":0.005980134010314941,"z":-4.941501617431641},"rotation":{"x":0.31534573435783389,"y":-0.18819165229797364,"z":0.063970185816288,"w":0.9279271960258484},"size":1.666324496269226,"orthographic":false}